Description,Manufacturer,Manufacturer Part Number,Additional requirements,Reference designator,Quantity
"206001522, SMD IC RF TxRx + MCU 2.4G & sub 1G ;VQFN-48, A.4 (Design)",TI,,,U9,1
"301010000, SMD RES 0R-5%-1/16W;0402, A.2 (Design)",YAGEO,RC0402JR-070RL,,FB30 FB31 FB36 FB37 FB38 FB39 R30 R34 R35 R99 R104 R105 R106 R107 R119 R120 R121 R123 R127 R135 R149 R163 R220 R227 R229,25
"301010041, SMD RES 49.9R-1%-1/16W;0402, A.2 (Design)",YAGEO,RC0402FR-0749R9L,,R100 R101,2
"301010044, SMD RES 1K-1%-1/16W;0402, A.1 (Design)",YAGEO,RC0402FR-071KL,,R40 R53 R67 R68 R83 R86 R87 R133 R165 R184 R185 R317 R318,13
"301010047, SMD RES 10K-1%-1/16W;0402, A.1 (Design)",YAGEO,RC0402FR-0710KL,,R4 R14 R15 R17 R18 R19 R21 R23 R24 R25 R26 R27 R28 R29 R54 R60 R70 R73 R74 R75 R76 R77 R78 R94 R122 R125 R126 R134 R137 R138 R140 R142 R147 R148 R150 R151 R152 R154 R155 R156 R157 R158 R159 R160 R161 R162 R168 R169 R207 R208 R209 R210 R228 R240 R241 R242 R250 R251 R254 R255 R256 R313,62
"301010072, SMD RES 20K-1%-1/16W;0402, A.1 (Design)",YAGEO,RC0402FR-0720KL,,R132 R136,2
"301010410, SMD RES 1M-1%-1/4W;1206, A.1 (Design)",YAGEO,RC1206FR-071ML,,R38,1
"301010441, SMD RES 33K-1%-1/16W;0402, A.3 (Design)",YAGEO,RC0402FR-0733KL,,R66,1
"301010456, SMD RES 100K-1%-1/16W;0402, A.2 (Design)",YAGEO,RC0402FR-07100KL,,R117 R139 R211 R261 R278,5
"301010457, SMD RES 49.9K-1%-1/16W;0402, A.1 (Design)",YAGEO,RC0402FR-0749K9L,,R5 R6 R7 R8 R9 R10 R11 R12 R13 R20 R56 R59,12
"301010461, SMD RES 2K-1%-1/16W;0402, A.3 (Design)",YAGEO,RC0402FR-072KL,,R102 R103,2
"301010495, SMD RES;5.1K-1%-1/16W;0402, A.1 (Design)",YAGEO,RC0402FR-075K1L,,R128 R129,2
"301010518, SMD RES 120K-1%-1/16W;0402, A.3 (Design)",YAGEO,RC0402FR-07120KL,,R212,1
"301010525, SMD RES 0R-±1%-1/20W;0201, A.1 (Design)",YAGEO,RC0201FR-070RL,,R16 R80 R277,3
"301010526, SMD RES 10K-±1%-1/20W;0201, A.1 (Design)",YAGEO,RC0201FR-0710KL,,R36 R37 R91 R93 R170 R172 R173 R174 R177 R180 R182 R183 R188 R192 R193 R195 R196 R198 R259 R262,20
"301010568, SMD RES;11K-1%-1/16W-0402, A.1 (Design)",YAGEO,RC0402FR-0711KL,,R141,1
"301010666, SMD RES 270K-1%-1/16W;0402, A.2 (Design)",YAGEO,RC0402FR-07270KL,,R260,1
"301010675, SMD RES;33R-5%-1/20W;0201, A.1 (Design)",YAGEO,RC0201JR-0733RL,,R2 R3 R49 R50 R51 R52 R57 R58 R69 R71 R72 R79 R95 R96 R97 R98 R145 R216 R217 R230 R244 R245 R246 R247 R258 R266 R267 R268 R269 R270 R271 R273 R274 R279 R280 R281 R282 R284 R285 R286 R287 R288 R289 R290 R291 R292 R293 R294 R295 R296 R297 R298 R312 R314 R315 R316,56
"301010677, SMD RES;4.7K-5%-1/20W;0201, A.1 (Design)",YAGEO,RC0201JR-074K7L,,R41 R43 R46 R47 R61 R249 R253 R308 R311,9
"301010746, SMD RES 2.2K-1%-1/16W;0402, A.1 (Design)",YAGEO,RC0402FR-072K2L,,R64 R65 R85 R110 R111 R114 R116 R143 R144 R166 R167 R186 R201 R202 R203 R204 R205 R206 R226 R232 R233 R234 R235 R236 R237 R238 R239 R257 R263,29
"301010774, SMD RES 390K-1%-1/16W;0402, A.1 (Design)",YAGEO,RC0402FR-07390KL,,R276,1
"301010814, SMD RES 180K-1%-1/16W;0402, A.1 (Design)",YAGEO,RC0402FR-07180KL,,R307,1
"301010848, SMD RES 499R-0.1%-1/16W;0402, A.2 (Design)",YAGEO,RT0402BRE07499RL,,R130 R131 R153,3
"301010856, SMD RES 2.49K-1%-1/16W;0402, A.2 (Design)",YAGEO,RC0402FR-072K49L,,R33,1
"301011214, SMD RES 7.5K-1%-1/16W;0402, A.2 (Design)",YAGEO,RC0402FR-077K5L,,R89,1
"301011475, SMD RES 240R-1%-1/16W;0402, A.2 (Design)",YAGEO,RC0402FR-07240RL,,R1 R88,2
"302010000, SMD CAP Ceramic 33pF-50V-5%-NPO;0402, A.2 (Design)",YAGEO,CC0402JRNPO9BN330,,C1 C2,2
"302010012, SMD CAP Ceramic 100pF-50V-5%-NPO;0402, A.2 (Design)",YAGEO,CC0402JRNPO9BN101,,C16 C17 C234 C235 C256 C257,6
"302010019, SMD CAP Ceramic 4.7uF-6.3V-20%-X5R;0402, A.2 (Design)",YAGEO,CC0402MRX5R5BB475,,C69 C75 C77 C91 C95 C147 C150 C153 C172 C175 C178 C179 C206 C214 C224 C299,16
"302010026, SMD CAP Ceramic 8pF-50V-0.5pF-NPO;0402, A.1 (Design)",YAGEO,CC0402DRNPO9BN8R0,,C128 C129,2
"302010040, SMD CAP Ceramic 1uF-10V-10%-X5R;0402, A.2 (Design)",YAGEO,CC0402KRX5R6BB105,,C5 C8 C11 C32 C204 C233 C263,7
"302010050, SMD CAP Ceramic 20pF-50V-5%-NPO;0402, A.1 (Design)",YAGEO,CC0402JRNPO9BN200,,C126 C127,2
"302010051, SMD CAP Ceramic 220nF-16V-10%-X7R;0402, A.3 (Design)",YAGEO,CC0402KRX7R7BB224,,C12 C13,2
"302010053, SMD CAP Ceramic 10uF-6.3V-20%-X5R;0402, A.3 (Design)",YAGEO,CC0402MRX5R5BB106,,C104 C132 C203 C231 C237 C238 C244 C250 C252 C271 C275,11
"302010103, SMD CAP Ceramic 10uF-10V-10%-X5R;0603, A.2 (Design)",YAGEO,CC0603KRX5R6BB106,,C44 C62 C63 C64 C83 C111 C133 C258 C268,9
"302010166, SMD CAP Ceramic 47uF-6.3V-20%-X5R;0805, A.1 (Design)",YAGEO,CC0805MKX5R5BB476,,C50 C54 C60,3
"302010235, SMD CAP Ceramic 22uF-25V-20%-X5R;0805, A.1 (Design)",YAGEO,CC0805MKX5R8BB226,,C51 C57 C134 C135,4
"302010270, SMD CAP Ceramic;1uF-6.3V-±20%-X5R;0201, A.1 (Design)",YAGEO,CC0201MRX5R5BB105,,C93 C108 C136 C137 C138 C139 C140 C141 C142 C143 C144 C157 C160 C163 C166 C169 C177 C207 C215 C225 C295,21
"302010271, SMD CAP Ceramic 100nF-10V-10%-X5R;0201, A.1 (Design)",YAGEO,CC0201KRX5R6BB104,,C4 C7 C10 C20 C38 C39 C40 C41 C42 C43 C55 C56 C58 C59 C61 C65 C66 C67 C68 C70 C71 C72 C73 C74 C76 C78 C79 C81 C84 C85 C90 C92 C94 C99 C100 C101 C102 C107 C114 C115 C116 C117 C118 C119 C120 C121 C122 C123 C124 C130 C131 C145 C148 C151 C154 C155 C158 C161 C164 C167 C170 C173 C176 C180 C181 C182 C183 C184 C185 C186 C187 C188 C189 C190 C191 C192 C193 C194 C195 C196 C197 C198 C199 C200 C201 C202 C205 C208 C209 C210 C211 C212 C213 C216 C217 C218 C219 C220 C221 C222 C223 C226 C227 C228 C229 C230 C236 C239 C240 C241 C242 C243 C245 C247 C248 C249 C251 C253 C255 C259 C260 C262 C264 C266 C267 C270 C272 C273 C274 C276 C294 C296 C297 C298 C300,135
"302010304, SMD CAP Ceramic;7.5pF-50V-0.25pF-C0G-0402, A.1 (Design)",Murata,GJM1555C1H7R5CB01D,,C35 C36,2
"302010389, SMD CAP Ceramic 1nF-16V-10%-X7R;0201, A.1 (Design)",YAGEO,CC0201KRX7R7BB102,,C269 C281 C282,3
"302010411, SMD CAP Ceramic 22uF-10V-20%-X5R;0603, A.1 (Design)",YAGEO,CC0603MRX5R6BB226,,C24 C37 C96 C109,4
"302010420, SMD CAP Ceramic 100pF-50V-5%-NP0;0201, A.1 (Design)",YAGEO,CC0201JRNPO9BN101,,C18 C19 C21 C22 C25 C105 C106,7
"302010424, SMD CAP 12pF-25V-5%-NP0;0201, A.1 (Design)",YAGEO,CC0201JRNPO8BN120,,C45,1
"302010668, SMD CAP Ceramic 120pF-25V-5%-NP0;0402, A.2 (Design)",Murata,GRM1555C1E121JA01D,,C98,1
"302010747, SMD CAP Ceramic 100uF-10V-20%-X5R;1206, A.1 (Design)",TDK,C3216X5R1A107M160AC,,C110,1
"302010825, SMD CAP Ceramic 24pF-50V-5%-NPO;0402, A.1 (Design)",YAGEO,CC0402JRNPO9BN240,,C33 C34,2
"302011831, SMD CAP Ceramic 10nF-6.3V-10%-X5R;0201, A.2 (Design)",Yageo,CC0201KRX5R5BB103,,C3 C6 C9 C23 C82 C146 C149 C152 C156 C159 C162 C165 C168 C171 C174 C232,16
"302011837, SMD CAP Ceramic 0.8PF-50V-0.01pF-C0G/NP0;0201, A.2 (Design)",Murata Electronics North America,GRM0335C1HR80BA01D,,C27,1
"302011962, SMD CAP Ceramic 1nF-2kV-10%-X7R;1206, A.3 (Design)",YAGEO,CC1206KKX7RDBB102,,C97,1
"302012819, SMD CAP Ceramic 2.2uF-10V-10%-X5R;0402, A.1 (Design)",YAGEO,CC0402KRX5R6BB225,,C46 C47 C48 C49 C52 C53 C80 C86 C103 C112 C113 C125,12
"302012904, SMD CAP Ceramic 2.4pF-25V-0.25pF-COG;0201, A.3 (Design)",Murata,GJM0335C1E2R4CB01D,,C26 C30,2
"302012906, SMD CAP Ceramic 3.9pF-50V-0.1pF-COG/NOP;0201, A.3 (Design)",Murata,GJM0335C1H3R9BB01D,,C31,1
"302012908, SMD CAP Ceramic 4.7pF-50V-0.25pF-COG;0201, A.4 (Design)",Murata,GJM0335C1H4R7BB01D,,C29,1
"302013024, SMD CAP Ceramic 3pF-50V-0.1pF-NPO;0201, A.2 (Design)",YAGEO,CC0201BRNPO9BN3R0,,C28,1
"303010096, SMD Inductor;4.7nH-5%-350mA;0201, A.1 (Design)",Murata,LQP03TN4N7J02D,,L8,1
"303011219, SMD Inductor 1NH-0.05nH-1.1A;0201, A.2 (Design)",Murata Electronics North America,LQP03HQ1N0W02D,,L6 L10,2
"303011225, SMD Inductor 3.9nH-0.1nH-500mA;0201, A.2 (Design)",Murata Electronics North America,LQP03HQ3N9B02D,,L9,1
"303011320, SMD FIXED Inductor 6.8UH-20%-550MA;0805, A.2 (Design)",TDK,MLZ2012N6R8LT000,,L3,1
"303011636, SMD Inductor;2.5nH-0.1nH-600mA;0201, A.3 (Design)",Murata,LQP03HQ2N5B02D,,L12,1
"303011637, SMD Inductor;12nH-3%-180mA;0201, A.3 (Design)",Murata,LQP03TG12NH02D,,L5 L11,2
"303011639, SMD Inductor;27nH-3%-120mA;0201, A.3 (Design)",Murata,LQP03TG27NH02D,,L7,1
"303011708, SMD Inductor 0.33uH-20%-0.018R-6.9A;2P-2520, A.2 (Design)",CODACA,CSTB252012H-R33M,,L14,1
"303011709, SMD Inductor 0.47uH-20%-0.0215R-5.0A;2P-2520, A.2 (Design)",CODACA,CSTB252012H-R47M,,L16 L17 L18,3
"303011791, SMD Inductor 2.2uH-20%-2A;L2.0*W1.6*H1.0mm, A.2 (Design)",CODACA,CSTB201610H-2R2M,,L19,1
"303030040, SMD Ferrite Bead 120R-1.3A;0402, A.2 (Design)",Murata,BLM15PD121SN1D,,FB1 FB2 FB3 FB4 FB5 FB6 FB7 FB8 FB9 FB10 FB11 FB12 FB13 FB14 FB15 FB16 FB17 FB18 FB19 FB20 FB21 FB22 FB23 FB24 FB25 FB26 FB27 FB28 FB29 FB32 FB33 FB34 FB35 FL2,34
"303050063, SMD Common Mode Filter 90R-400mA;4P-L2.0*W1.2*H1.4m, A.2 (Design)",Bourns,SRF2012-900YA,,L4 L13,2
"303050403, SMD Common Mode Filter 500uH 1000R;4P-L9.2*W6.0*H5.0mm, A.2 (Design)",CODACA,CSTA0950RB-501,,L1 L2,2
"303050463, SMD Common Mode Filter 90R-100mA;4P-L0.85*W0.65*H0.40mm, A.2 (Design)",Sunlord,SDMM0806H-2-900T,,L15 L20 L21 L22 L23 L24,6
"304020024, SMD Diode Schottky 30V-1A;DO-214AC, A.2 (Design)",Diodes,B130L-13-F,,D21 D22,2
"304020782, SMD Diode Schottky 30V-200mA;SOD-523, A.3 (Design)",ON,RB520S30T1G,,D3 D11 D12 D23 D32 D33 D34 D35 D46 D47 D48 D49 D50 D51 D53 D54 D55 D56 D58 D59 D61 D66,22
"304050798, SMD TVS DIODE 3.6V-6.4V-1pF;X1SON(2), A.3 (Design)",TI,TPD1E1B04DPYR,,D7 D8 D9 D10 D13 D14 D15 D16 D17 D18 D19 D20 D24 D25 D26 D29 D30 D31 D36 D37 D38 D39 D40 D41 D42 D43 D44 D45 D52,29
"304051038, SMD Diode TVS 3.6V-6.4V-0.13pF;X1SON(2), A.3 (Design)",TI,TPD1E0B04DPYR,,D27 D28 D73 D74,4
"304051039, SMD Diode TVS 5V;SON-6(2x2mm), A.2 (Design)",TI,TVS0500DRVR,,U4 U14,2
"304060074, SMD Diode ESD 0.05pF;0402, A.3 (Design)",SEMITEL,ESDPSA0402V05,,D4 D5 D57 D60,4
"304060294, SMD Diode Array ESD;4 Channel,6 Gbps,5.5V;USON-10, A.4 (Design)",TI,TPD4E05U06DQAR,Air=±15KV；Contact=±12KV,D2 D1,2
"304090121, SMD LED Clear-Green;0402, A.1 (Design)",Bright,BL-HGE37A-AV-TRB,(正贴),LED2 LED3 LED4 LED5 LED6 LED7,6
"304090122, SMD LED Clear-Red;0402, A.1 (Design)",Bright,BL-HUB37A-AV-TRB,(正贴),LED11,1
"304090746, SMD LED Clear-Yellow;0402, A.2 (Design)",Everlight,16-213/Y2C-AN2Q1B/3T,(正贴),LED1 LED8 LED9 LED10,4
"305030000, SMD MOSFET N-CH 50V-200mA;SOT-323-3, A.3 (Design)",Diodes,BSS138W-7-F,,Q6 Q7 Q8 Q9,4
"305030010, SMD MOSFET P-CH 30V-4.3A;SOT-23, A.3 (Design)",长电,CJ3407,,Q5,1
"305030659, SMD MOSFET N-CH 20V -630MA ；SOT-523, A.2 (Design)",Diodes,DMG1012T-7,,Q3 Q4 Q10 Q13 Q14,5
"305050191, SMD Transistor Array 2PNP 45V-0.1A;SOT36, A.2 (Design)",Diodes Incorporated,BCM857BS-7-F,,Q12,1
"306010138, SMD Crystal 32.768KHz-12.5pF-20ppm-2P-3.2*1.5*0.9mm, A.3 (Design)",EPSON,FC-135 32.7680KA-A3,(指定品牌),X3 X5 X7,3
"306011049, SMD Crystal;25MHz-18pF-20ppm;SMD-2520-4P-L2.5*W2.0*H0.6mm, A.2 (Design)",Interquip,5ZAA25000182TFA0Q3,,X2,1
"306011062, SMD Crystal 48MHz-7pF-10ppm-50R;4P-L2.0*W1.6*H0.6mm, A.3 (Design)",Interquip,5NAA48000071SF50Q2,,X4,1
"306011162, SMD Crystal 25MHz-8pF-10ppm-30R;4P-SMD-L3.2*W2.5*H0.8mm, A.2 (Design)",Interquip,5YAA25000081TF30Q2,,X6,1
"307010054, SMD PPTC;100mA-15V;0603, A.1 (Design)",Bourns,MF-FSMF010X,,F1,1
"310011537, SMD IC MPU;AM62x Sitara Processor;BGA425, A.5 (Design)",TI,AM6254ATCGHAALW,,U1,1
"310031584, SMD IC PWR MGR EFUSE;6.5V-2.8A-6SON, A.3 (Design)",Texas Instruments,TPS25200DRVR,TI;TPS25200DRVT,U22,1
"310032000, SMD IC PMIC;LDO-ADJ-500mA;SOT23-5, A.2 (Design)",TI,TLV75801PDBVR,,U16,1
"310032357, SMD IC Load Switch;1V to 5.5V,2A,52mOhm;SOT-23-6, A.2 (Design)",TI,TPS22918DBVR,,U21,1
"310032515, SMD IC PMIC;LOAD-SWITCH-500mA;SOT23-6, A.2 (Design)",TI,TPD3S014DBVR,,U8,1
"310032516, SMD IC PMIC;DCDC Buck-ADJ ,2.5-V to 5.5-V Input, 4-A;VSON-6, A.2 (Design)",TI,TLV62595DMQR,,U12,1
"310032517, SMD IC PMIC;VQFN-32, A.4 (Design)",TI,TPS6521903RHBR,,U17,1
"310050078, SMD IC Logic;US8(8-VFSOP, A.1 (Design)",TI,SN74LVC2G241DCUR,,U10,1
"310060581, SMD IC RF Balun;10P-L2.0*W1.25*H1.00mm, A.2 (Design)",Johanson,0900PC15A0036E,,B1,1
"310060642, SMD IC RF Switch-20MHz-6GHz SP3T;QFN-8, A.2 (Design)",SKYWORKS,SKY13317-373LF,,U15,1
"310071286, SMD IC 10Base-T1L 10M Single Pair Ethernet Transceiver;QFN32, A.2 (Design)",TI,DP83TD510ERHBR,,U13,1
"310091085, SMD IC Memory;16GB eMMC 5.1;VFBGA-153, A.2 (Design)",Kingston,EMMC16G-TB29-PZ90,,U3,1
"310091347, SMD IC Memory;32Kb-IIC Serial EEPROM;SOT23-5, A.2 (Design)",FMD,FT24C32A-ELRT,,U20,1
"310091406, SMD IC Memory;DDR4 2GB(1Gb x 16)-1600MHz 3200Mbps-13.3*10.3*1.1mm;FBGA-96, A.2 (Design)",Samsung,K4AAG165WA-BCWE,,U2,1
"310100628, SMD IC ADC 10Bit 2 Input 1 SAR;VSSOP-8, A.6 (Design)",TI,ADC102S021CIMMX/NOPB,,U11,1
"310110021, SMD IC HDMI Transmitter;QFN-64, A.2 (Design)",ITE,IT66121FN/BX,,U7,1
"310110503, SMD IC Clock/Timing;SOIC-8(W3.90mm), A.2 (Design)",TI,BQ32002DR,,U18,1
"310991199, SMD IC 1000Base-T Ethernet Transceiver;QFN40, A.2 (Design)",Realtek,RTL8211F-VD-CG,,U6,1
"311021319, SMD Side  Button 160gf;5P-L4.65*W3.5*H1.85mm, A.2 (Design)",ROKI,TS23M-BN-PT-PF,,SW1 SW2 SW3,3
"317990527, SMD Combo Module;100P-13.3*13.4*2mm, A.2 (Design)",TI,WL1807MODGIMOCR/T,,U5,1
"319015424, PCB;BeaglePlay_Rev A2-Matte Black, White silkscreen, A.3 (Design)",,,80*80*1.6mm-化学沉金-FR4,,1
"320010495, DIP USB A TYPE;4P-2.0-Side, A.2 (Design)",山旗,ST-USB-117A,,J13,1
"320010943, SMD USB Type-c;12P+4-8.9*7.3*3.2mm, A.5 (Design)",MTCONN,UBF31-0171,,J14,1
"320010999, DIP HDMI TYPE A;19+4P-7.8*23.1*16.4mm-90D, A.2 (Design)",SUNGTECH,ST-HD-001C,,J4,1
"320020079, DIP Black Male Header VERT;1*3P-2.54-2.54-11.6/3.0mm, A.5 (Design)",思拓展,P125-1103A1BS116A1,,J6,1
"320060264, SMD FPC CONN;40P-0.5-90D, A.6 (Design)",百斯特,0.5K-DX-40PWB,,J8,1
"320060764, SMD FPC CONN;22P-0.5mm-90D-Bottom Contact-L15.40*W5.25*H2.00mm, A.3 (Design)",百斯特,0.5K-DX-22PWB,,J17,1
"320090000, SMD SD Card Holder;9P-L14.7*W13.8*H1.0mm, B.2 (Design)",山旗,ST-TF-003J,,J1,1
"320110032, SMD Grove Female Header-Beige;4P-2.0-90D, A.5 (Design)",思拓展,PHS-4A 卧贴,2.0-4P卧贴带锁座子,J7,1
"320111077, SMD U-FL Female CONN-Gold;3P-L2.6*W2.6*H1.25mm, A.5 (Design)",HRS,U.FL-R-SMT-1,,J3 J5 J9 J12,4
"320111319, SMD Female JST SH- R/A;4P-1.0, A.2 (Design)",思拓展,WY-4539,L6.5*W5.55*H2.15,J18,1
"320140517, DIP RJ45;1000M,Integrated Magnetics,G/O/Y 3 LEDs,Right Angle;16P-21.25*15.93*13.3mm, A.2 (Design)",LINK-PP,LPJG0933H11NL,,J24,1
"320140556, DIP RJ11 W/P;4+2P-L21.5*W13.8*H13.3mm, A.4 (Design)",LINK-PP,LPJE158-0DNL,,J2,1
"320170000, SMD Battery Cell Holder Plastic;CR1220-15*13*H4mm, B.2 (Design)",鸣腾,MTBA20-1220A0-05133,,J10,1
"320991224, SMD MikroBus Female Header;2*8P-2.54mm, A.2 (Design)",MIKROE,MIKROE-5210,SOCKET mikroBUS 16 SMD,J21,1
"323040700, BeaglePlay shielding cover; 0.2mm thick white copper, 21.4*16.9*1.7mm, A.5 (design)",明昱,,,SH1,1
"318020828, External Antenna 2.4G&5G-3.4dBi;IPEX1-PCB, A.2 (Design)",MyAntenna,M01-0200890R0A,PCB:45.0*15.0*0.8 mm,,3
"318020829, External Antenna 860-930M-1.92dBi;IPEX1-PCB, A.2 (Design)",MyAntenna,M01-0400630R0A,PCB:125.5*10.0*0.8 mm,,1
"326010061, Screw; Cross header tooth screw-PM3*6mm-White-NYLON, A.3 (Design)",HKWASI,PF3-6N,,,4
"326050029, Stud; Shuangtong Hexagon Step -M3.0XH8.0mm-Nylon-White, A.3 (Design)",HKWASI,HTP-308,,,4